<?xml version="1.0" encoding="UTF-8"?>
<project-private xmlns="http://www.netbeans.org/ns/project-private/1">
    <open-files xmlns="http://www.netbeans.org/ns/projectui-open-files/2">
        <group>
            <file>file:/C:/Users/Alejandra/OneDrive/Escritorio/Alejandra/Parcial_1/src/Presentacion/frm_Control_Inventario.java</file>
            <file>file:/C:/Users/Alejandra/OneDrive/Escritorio/Alejandra/Parcial_1/src/Datos/cls_Inventario.java</file>
            <file>file:/C:/Users/Alejandra/OneDrive/Escritorio/Alejandra/Parcial_1/src/Negocio/cls_validar_articulo.java</file>
        </group>
    </open-files>
</project-private>
